<?xml version="1.0" encoding="UTF-8"?>
<project-private xmlns="http://www.netbeans.org/ns/project-private/1">
    <editor-bookmarks xmlns="http://www.netbeans.org/ns/editor-bookmarks/2" lastBookmarkId="0"/>
    <open-files xmlns="http://www.netbeans.org/ns/projectui-open-files/2">
        <group>
            <file>file:/C:/Users/James%20Rosales/Documents/GitHub/SECURDE/SECURDE%20MP/src/View/MgmtUser.java</file>
            <file>file:/C:/Users/James%20Rosales/Documents/GitHub/SECURDE/SECURDE%20MP/src/View/MgmtProduct.java</file>
            <file>file:/C:/Users/James%20Rosales/Documents/GitHub/SECURDE/SECURDE%20MP/src/View/MgmtLogs.java</file>
            <file>file:/C:/Users/James%20Rosales/Documents/GitHub/SECURDE/SECURDE%20MP/src/Controller/SQLite.java</file>
            <file>file:/C:/Users/James%20Rosales/Documents/GitHub/SECURDE/SECURDE%20MP/src/View/MgmtHistory.java</file>
            <file>file:/C:/Users/James%20Rosales/Documents/GitHub/SECURDE/SECURDE%20MP/src/View/Register.java</file>
            <file>file:/C:/Users/James%20Rosales/Documents/GitHub/SECURDE/SECURDE%20MP/src/View/Frame.java</file>
        </group>
    </open-files>
</project-private>
